,Shape,Mu Max,Coordinates
0,Square Pyramid (J1),1.17157287494757,"[-3.527549433113286e-10, -0.10355339069005084, 4.712388980384694, 0.7853981633974526, -6.28318530799703, 6.283175461813048, 6.283185310954313]"
1,Pentagonal Pyramid (J2),1.0514622242372,"[-0.2090789962072247, -0.15431880560019096, 4.712388980381109, 5.340707511101685, -1.2528802689780598, 3.092035392886169, 2.9902769571125227]"
2,Triangular Cupola (J3),1.06291722113474,"[-6.530066278858521e-06, 0.17687057054530364, 1.5707963267950278, 3.9269908169873955, 1.301146335685068, 3.9269268665935257, 6.898631399909384]"
3,Square Cupola (J4),1.08239220029239,"[0.0, 0.0, 1.570796326794897, 3.926990816987241, 4.317804665205736, 6.243618452841932, 6.187977612694587]"
4,Pentagonal Cupola (J5),1.05146222423823,"[5.8931303091000244e-15, -4.224955999260323e-15, 5.265963339281713, 5.340707511102652, 1.2553922949019625, 0.5251050367085838, 6.195796496170458]"
5,Pentagonal Rotunda (J6),1.02260015093489,"[-0.1352792088126037, -0.09828609843743583, 2.588018294690655, 0.3141592653580809, 2.4097451644735965, 4.15891365888872, 6.2831282853101325]"
6,Elongated Triangular Pyramid (J7),1.11680429010616,"[0.12504902828002368, 0.016183412368957102, 1.0098204973242809e-12, 3.141592653588153, -2.6179903763160484, 4.6402141785731565, 4.169035505400536]"
7,Elongated Square Pyramid (J8),1.14094375736209,"[0.01951227978077961, 0.0725450717140235, 3.1415926535896888, -1.4398591381555583e-13, 0.075810174395746, 5.184073297033513, 0.5557843616309112]"
8,Elongated Pentagonal Pyramid (J9),1.01346601613707,"[0.02966739854607263, -0.033789511191673845, 3.141592653589942, 3.1415926535897527, 1.5018906021630651, 2.0901523952658767, 5.707830167362869]"
9,Gyroelongated Square Pyramid (J10),1.01031764465665,"[-0.09883892699996295, -0.05348635931572729, 2.900274842294557, 0.5234864177384994, -3.7966732503156004, 6.341281524742458, 5.136177927244421]"
10,Gyroelongated Pentagonal Pyramid (J11),1.01464389123474,"[-0.012413024136351564, -0.024215110568104038, 0.20482885635470585, 0.7379960718168946, -0.8198073981741747, 4.666227235077027, 0.2839217771244332]"
11,Triangular Dipyramid (J12),1.03996342627572,"[-0.015299820817026449, -0.00881415585950851, 3.558073332284376, 0.8366784068410139, 2.9084254425931486, 3.925358993630005, 3.755761278953971]"
12,Pentagonal Dipyramid (J13),1.04361294755322,"[-0.196868641753756, 0.15567059467381208, 3.9207929650673377, 4.712388980383051, -1.069319966904258, 9.739981641216031e-06, 6.2832543008533905]"
13,Elongated Triangular Dipyramid (J14),1.11680433914211,"[-0.12379873911680775, 0.023929710659702397, 3.1415926535897767, 3.141592653589806, -4.774895069601301, 4.749804487976816, 3.1230204777457455]"
14,Elongated Square Dipyramid (J15),1.22474487126618,"[0.0, 0.0, 3.1415926535897776, 3.141592653589757, -4.622253599014966, 1.4555174186044044, 5.49640010289155]"
15,Elongated Pentagonal Dipyramid (J16),1.03570049244074,"[-0.06766404342186269, 0.022127650346478824, 6.283185307179795, 3.1415926535900223, 2.2635363755271363, 4.68932952176421, 0.6324253765606006]"
16,Gyroelongated Square Dipyramid (J17),1.0124580222191415,"[0.007380886977602615, 0.14443471046512749, 6.350685923484961, 3.1188350552332635, 4.269696013652487, 4.764604312604972, 1.3500909311394513]"
17,Elongated Triangular Cupola (J18),1.0398698793557,"[-6.960170172823946e-07, 1.2490838473650672e-06, 3.926990816988282, 3.7570723622613524, 1.5467553689365618, 6.353280784984339, 4.957236846239471]"
18,Elongated Square Cupola (J19),1.03973640093828,"[0.02676820889795815, 0.022054877415728414, 2.156825691658132, 1.5707963267947438, -0.2689095827154906, 5.749052845157352, 6.006932417864708]"
19,Elongated Pentagonal Cupola (J20),1.04201660597977,"[-2.7848845400158273e-06, -2.1625830783939322e-06, 4.712388980383875, 5.969026041820258, -3.4952209717545424, 2.958647597545575, 6.021917755552354]"
20,Elongated Pentagonal Rotunda (J21),1.00729758598196,"[0.0, 0.0, 3.141592653589692, 3.1415926535897953, 2.632412831615613, 5.882209255013597, 0.35470519494420344]"
21,Gyroelongated Triangular Cupola (J22),1.00107812563048,"[-0.018260685537226665, -0.20660392080335638, 3.5188811224529855, 0.046422846372829056, -3.1415926535898, 1.020298412135764, 3.1407177635319603]"
22,Gyroelongated Square Cupola (J23),1.0003036953449087,"[-0.06558302980925722, 0.04686417900139994, 1.5734698804405816, 2.7227795374412356, 0.954592231285643, 2.6522109377050147, 3.9917779505094697]"
23,Gyroelongated Pentagonal Cupola (J24),1.000434587898601,"[0.009786601116619295, 0.01670639774493627, 5.218830924513782, 6.328889080117818, 3.1419850580302007, 2.1580147320032212, 6.283461806741143]"
24,Gyroelongated Pentagonal Rotunda (J25),1.0000820399774848,"[-0.03809517788424439, -0.026861488012983693, 1.0630873862875365, 5.083963900784462, 2.646810612293894, 3.6559524981994125, 4.127104671958964]"
25,Gyrobifastigium (J26),1.04399405486102,"[0.06319597715675507, 0.1268463153906655, 3.1415926535899863, 3.6651914291873724, -4.317530822975296, 1.7342070583386107, 2.256703639384769]"
26,Triangular Orthobicupola (J27),1.0444842984007356,"[0.07854413309934495, 0.04669927284541722, 4.712362205469322, 5.497795348569833, 4.61918436424629, 3.926990539591058, 3.7570709666602755]"
27,Square Orthobicupola (J28),1.08239220029239,"[0.0, 0.0, 1.5707963267948961, 1.7316186708336592e-16, 5.36058343349821, 8.894875173908423, 2.2573122384473994]"
28,Square Gyrobicupola (J29),1.08239220029238,"[0.0, 0.0, 3.758630443110701, 1.5707963267948963, -3.7027402669925564, 3.1209604816787375, 3.15013867688463]"
29,Pentagonal Orthobicupola (J30),1.05146222423824,"[0.0, 0.0, 0.26924703168355696, 4.7123889803846915, -5.477327853849602, 3.7695867087630837, 5.87973955791062]"
30,Pentagonal Gyrobicupola (J31),1.05146222423824,"[0.0, 0.0, 5.918321479066108, 2.6179938779914864, 0.2727982441644281, 1.5387930823632305, 18.259599354195757]"
31,Pentagonal Orthocupolarotunda (J32),1.02260015093017,"[-3.502462377265314e-05, -0.16721429256206385, 0.36486382819027174, 0.5235987754765601, 0.4415183495275745, 4.711990483259872, 3.6950310614190065]"
32,Pentagonal Gyrocupolarotunda (J33),1.02260015083915,"[0.09833333015091072, -0.135244867636642, 5.265963339281928, 2.1991148575125044, -0.689111340259493, 4.713053219155735, 3.695030410702286]"
33,Pentagonal Orthobirotunda (J34),1.0006945275237518,"[-1.5534452263047563e-05, 4.604573005543816e-05, 6.171932114423803, 2.9281664600569073, 1.2402611312458975, 3.1415914978253605, 3.1415855762581373]"
34,Elongated Triangular Orthobicupola (J35),1.11480646995305,"[0.0, 0.0, 3.9269908169875745, 0.6154797086702489, 4.938853330391815, 5.177079957344794, 2.71832034168419]"
35,Elongated Triangular Gyrobicupola (J36),1.11551137245464,"[1.8809906664627122e-16, -1.1740079229782291e-16, 0.7853981633975134, 2.526112944919607, 0.43728687305799463, 0.8124311420149722, 0.9078781680749729]"
36,Elongated Square Gyrobicupola (J37),1.0132087344280605,"[-0.07171249678002058, 0.012779353002735146, 3.1415926535926992, 3.141592653584202, 3.723572892275387, 4.932843958137358, 1.908817598463248]"
37,Elongated Pentagonal Orthobicupola (J38),1.04201666822683,"[0.0, 0.0, 4.712388980384564, 3.455751918948825, 0.36784307107949665, 6.530225166005108, 6.019603347646517]"
38,Elongated Pentagonal Gyrobicupola (J39),1.04193094439047,"[-3.7539985023337497e-07, 2.2465349303212442e-07, 1.5707963267942031, 2.1991148575127752, 4.095370258976743, 6.078951243922601, 0.2469524274849561]"
39,Elongated Pentagonal Orthocupolarotunda (J40),1.00723971225922,"[0.0, 0.0, 6.283185307179317, 6.283185307179691, -0.5167870243698891, 2.76544989432045, 0.3265234549390553]"
40,Elongated Pentagonal Gyrocupolarotunda (J41),1.0072066682627,"[0.0, 0.0, 3.141592653590036, -3.0424264334532383e-13, 0.6272946687182109, 5.868673340737353, 6.507399454479049]"
41,Elongated Pentagonal Orthobirotunda (J42),1.04601108860788,"[0.0, 0.0, 3.1415926535895973, 6.2831853071795924, -1.5718110356311081, 4.701797190522068, 0.0038463482398342496]"
42,Elongated Pentagonal Gyrobirotunda (J43),1.04602285513067,"[0.0, 0.0, 18.84955592153874, 6.283185307179052, 10.932077395630072, -1.4395056566159758, 0.6353491658478337]"
43,Gyroelongated Triangular Bicupola (J44),1.0062952541085437,"[0.008143217034935327, -0.166130706703559, -0.014026721262681025, 3.099811810830334, -0.213288997400431, 4.761840652109235, 4.570864692647843]"
44,Gyroelongated Square Bicupola (J45),1.0000209863538494,"[-0.07766477118689157, 0.0004954142371098384, 4.715347932762748, 3.1328100288674987, 1.5761957777454052, 6.289738888570627, 5.322486664800416]"
45,Gyroelongated Pentagonal Bicupola (J46),1.00022684971625,"[-0.056159034170659934, 0.0345046622073102, 1.5751867945813094, 1.8637176747309785, -5.25643800760491, 0.4570206588979183, 2.2040801882279593]"
46,Gyroelongated Pentagonal Cupolarotunda (J47),1.000082754533641,"[-0.057794521789180105, -0.0235112168581766, 4.381797016675304, 6.251686938803727, 5.230833831996971, 3.566926984308893, 4.031246732232605]"
47,Gyroelongated Pentagonal Birotunda (J48),1.00239004306374,"[0.033046106449092706, -0.17262670686148068, 0.03528680309937837, 3.1288572454489856, -0.9104859536644647, 1.3654553514250714, 1.166251020176403]"
48,Augmented Triangular Prism (J49),1.0696860392794523,"[-0.1448313298550028, -0.04349570900270689, 3.1415926535908425, 5.759586531581722, 6.314641988031267, 4.74310139739179, 4.32515169272706]"
49,Biaugmented Triangular Prism (J50),1.12465167378873,"[0.09415530008123793, 0.011866520950931117, 4.869989691032054, 2.101655450691444, 1.4131444080019275, 2.417236539066161, 0.028124811117920725]"
50,Triaugmented Triangular Prism (J51),1.00811525277567,"[-0.08175831199786056, 0.11135826890814511, 1.258489031847852, 4.855090684820983, 0.6064046823967626, 0.6454713360629794, 0.027781512728194957]"
51,Augmented Pentagonal Prism (J52),1.03644936172427,"[0.09357914182903981, 0.2784573761349043, 3.1415926535870775, 5.9690260418179895, -4.276046473653677, 4.654351604391216, 5.6588475279322745]"
52,Biaugmented Pentagonal Prism (J53),1.0981204970308,"[-0.2137188704382268, 0.008031723421002737, 0.6005456197082963, 2.0237486358749472, -1.8128125242482018, 5.292828313790375, 3.1620727710125855]"
53,Augmented Hexagonal Prism (J54),1.09966821869412,"[0.01583760524871258, -0.03483436292151307, 3.1415926535897776, 0.5235987755985431, -0.5103301841161394, 1.6409178357013743, 2.586619371199266]"
54,Parabiaugmented Hexagonal Prism (J55),1.15161267737763,"[0.0, 0.0, 4.712388980384907, 2.0943951023929666, -3.141588340752326, 3.9242642785221813, -0.0011579632770781407]"
55,Metabiaugmented Hexagonal Prism (J56),1.12577823077848,"[-0.00523062302763172, 0.16390812391972379, 2.9072690074220158, 1.5707963267947802, 6.0480430605450906, 3.944439789015178, 3.12425739697809]"
56,Triaugmented Hexagonal Prism (J57),1.01995607634738,"[-0.17218250553401418, -0.2554287820606356, 1.5707963267948915, 0.5235987755983206, -0.1651079773118611, 2.2982786502116053, 3.06401632413702]"
57,Augmented Dodecahedron (J58),1.01415723907113,"[0.0006335338737867039, -0.010662264661783893, 0.2751282022394196, 0.0017307839642326326, -2.211061904560848, 2.2828682674160574, 3.2104870461998978]"
58,Parabiaugmented Dodecahedron (J59),1.02877288420573,"[0.0, 0.0, 2.7645878701366424, 1.1585535212801572, -7.142780004220045, 0.37976031073182726, 0.4961309613124744]"
59,Metabiaugmented Dodecahedron (J60),1.014961907469697,"[0.0015635426676044392, -0.012480034348068395, 4.6373344818663025, 5.871235843356055, 4.3197225074874614, 1.8055666726121138, 2.080812171694977]"
60,Triaugmented Dodecahedron (J61),1.00628058123985,"[0.015352002249187376, 0.004062709577564803, 2.1844759614463336, 5.766511287479838, -0.2278133216189966, 4.552500016948454, 0.6552830092627053]"
61,Metabidiminished Icosahedron (J62),1.02326930874493,"[-0.014900928975574509, -0.022768277551077236, -0.20482922360778946, 0.7379961609034753, -3.374978180082752, 1.5181287790125253, 3.584694989727958]"
62,Tridiminished Icosahedron (J63),1.012931518382796,"[0.01605301475661896, -0.03901767898549536, 2.4947869489265155, 2.986775978610346, 1.1257155696411505, 7.047410321338236, 5.642671337036529]"
63,Augmented Tridiminished Icosahedron (J64),1.02350215539987,"[-0.1952194596065062, -0.14186824189001035, 3.98266130849257, 1.0172219671796692, -5.9689193540743375, 3.141389735712822, 2.5877846157557634]"
64,Augmented Truncated Tetrahedron (J65),1.06991894897336,"[-0.29448189502044725, 0.09738023491472926, 6.2831853071793775, 5.497787143782199, -2.000684203866972, 4.799231558665918, 2.9889338430793178]"
65,Augmented Truncated Cube (J66),1.03763279901098,"[-6.617398477065107e-16, -7.697641930994794e-16, 3.315777398221539, 3.74819693473494, 0.155125507754156, 1.1270027007001382, 2.442516144586253]"
66,Biaugmented Truncated Cube (J67),1.04251760142213,"[9.069953512516632e-12, -7.598419857979489e-12, 3.926990816987366, 3.141592653589694, -0.3242495071914018, 5.178524319718194, 2.4220429379212476]"
67,Augmented Truncated Dodecahedron (J68),1.00161436178698,"[0.0, 0.0, 0.17316299375712796, 2.773866640990327, -7.578633216233168, 1.7151686337586725, -5.156365190763632]"
68,Parabiaugmented Truncated Dodecahedron (J69),1.01448489724246,"[-6.394512300374393e-16, 9.878243581650065e-16, 4.463177733169905, 6.1612515589370185, 2.545324570835511, 1.4496480070465974, 5.009711539870729]"
69,Metabiaugmented Truncated Dodecahedron (J70),1.003759497595628,"[0.006302424804033576, 0.00917449627702966, 4.757771723328963, 2.7526679502849976, 0.46864215842241147, 6.215615409384673, 0.46983362768874515]"
70,Triaugmented Truncated Dodecahedron (J71),1.0008829830082413,"[-0.03796794082203398, -0.017049576207328745, 3.1607572040986285, 1.5707963267951615, 3.696889819550769, 3.617779518953281, 6.111686841385679]"
71,Gyrate Rhombicosidodecahedron (J72),0.9999634968126417,"[2.989241547136527e-05, 2.7449524765957153e-05, 0.9439991620616107, 5.524295025268925, 0.8097502069325135, 5.728513137396402, 4.398365098231209]"
72,Parabigyrate Rhombicosidodecahedron (J73),0.9999810996546803,"[-1.2866877074500033e-05, 3.2305711156592643e-06, 3.9148959481055106, 0.6394118910627165, 1.329043981454066, 2.851195808657661, 5.671282361085836]"
73,Metabigyrate Rhombicosidodecahedron (J74),0.9999444367759442,"[3.781826389990379e-05, -1.2948924976547888e-05, 1.5653709993883511, 0.5486819589524728, 5.286661668350729, 1.7431765566214437, 3.3997221228245293]"
74,Trigyrate Rhombicosidodecahedron (J75),0.9999386459959662,"[-2.667811588648151e-05, 0.00010400444127325238, 0.8645572389283188, 5.844711321133754, 5.054652339139668, 5.723391565636708, 4.398572310770084]"
75,Diminished Rhombicosidodecahedron (J76),1.0002286605247412,"[0.0040882392252025385, 0.009895824175499987, 0.34218228167243925, 2.0549702617878722, 0.40993240922267027, 3.374204185120761, 2.679320813112058]"
76,Paragyrate Diminished Rhombicosidodecahedron (J77),0.9999857931604618,"[6.818720806098617e-06, -2.17218145752961e-06, 1.570557260530906, 3.139721132462636, 4.086068968281935, 0.9429256922415321, 3.0866914339307487]"
77,Metagyrate Diminished Rhombicosidodecahedron (J78),1.001845783917532,"[-0.01552565142647152, -0.03718693171654576, 2.776249822942625, 1.5707963267948417, 6.2653296160068095, 0.8328795965830542, 2.2211227710528747]"
78,Bigyrate Diminished Rhombicosidodecahedron (J79),1.0003975181351596,"[-0.03832378926094215, 0.04397819400577375, 2.588024326104756, 3.455781677465168, 3.5689534365298066, 5.174645973804915, 2.3170270572345246]"
79,Parabidiminished Rhombicosidodecahedron (J80),1.00228822190091,"[0.0, 0.0, 1.8758257546377664, 1.6563887419990875, 0.5338180473332974, 1.0108204783812234, 4.061745348579408]"
80,Metabidiminished Rhombicosidodecahedron (J81),1.0027648947703645,"[-0.029842758897982873, 0.005818167719416043, 4.975100958258679, 4.71238898038469, 0.3944886793869981, 5.356773687444001, 4.844240952096468]"
81,Gyrate Bidiminished Rhombicosidodecahedron (J82),1.003010991090981,"[-0.008484137840612437, 0.04542758610356897, 5.7296109482823026, 5.96902604182082, 4.740557326490497, 3.178338925525392, 5.456868648872508]"
82,Tridiminished Rhombicosidodecahedron (J83),1.002269779676573,"[-0.037271850524673904, 0.004468600095758399, 6.283185307176724, -2.9021555169076328e-12, 4.024394710741551, 5.588787427255266, 4.549706371140021]"
83,Snub Disphenoid (J84),1.16867549442651,"[-1.0061522878052065e-07, -0.20957584482147487, 3.225230222790705, 6.366531733680084, 3.9304802721097634, 4.647006828200682, -2.8141629785898134e-06]"
84,Snub Square Antiprism (J85),1.02954106080263,"[2.1683450261017478e-10, -0.11384802520723142, 4.712388994928481, 1.8109283192466523, 6.283185322180659, 5.873807095629639, 3.141592653276406]"
85,Sphenocorona (J86),1.08031870577193,"[0.0, 0.0, 0.9341453501568007, 4.720021220818855, 0.6367250011082835, 0.19294379716860663, 6.282735158139753]"
86,Augmented Sphenocorona (J87),1.06241033492278,"[-0.021482726614307404, -0.07166325448533867, 1.7636230607700691, 0.5509353531074168, 2.122537930017201, 2.5991465456983094, 3.7962329526416356]"
87,Sphenomegacorona (J88),1.2610278840548,"[-0.22210600843852543, 0.025574957394977477, 2.204547295611702, 1.570796326794823, 2.0566971336459474, 1.6448571394568905, 3.1308422312611706]"
88,Hebesphenomegacorona (J89),1.02913733796771,"[-0.01559171526367785, -5.06437264957498e-06, 0.6954567917562183, 4.712388980384647, -3.681704284121668, 6.128388987126355, 1.3936255576546248]"
89,Disphenocingulum (J90),1.01973343970822,"[0.08600700363990586, -0.08881319132128258, 2.805173774442955, 3.6487575277688227, 1.0231311650447668, 5.791371877499037, 4.417363241808957]"
90,Bilunabirotunda (J91),1.20340921364865,"[0.0, 0.0, 2.1834431864685335, 7.239389462537407, -12.056301866463691, -3.4325271142716476, -0.05688955443704341]"
91,Triangular Hebesphenorotunda (J92),1.07046626821506,"[-0.009152527165257381, -0.08211106168650503, 2.103876944579259, 0.9377072033537774, 2.389034558675144, 4.911527505995427, 4.3040592915612175]"
